<?xml version="1.0" encoding="UTF-8"?>
<con:soapui-project id="6f9118a4-1b88-4c32-8a95-6ea71c491189" created="3.5.1" activeEnvironment="Default environment" name="REST Project User creation" updated="3.5.1 2020-12-09T14:26:21Z" encryptionMode="Not encrypted" xmlns:con="http://eviware.com/soapui/config"><con:settings/><con:interface xsi:type="con:RestService" id="481cdc03-410c-4b56-8e62-109705105f9d" wadlVersion="http://wadl.dev.java.net/2009/02" name="https://petstore.swagger.io" type="rest" xmlns:xsi="http://www.w3.org/2001/XMLSchema-instance"><con:settings/><con:definitionCache type="TEXT" rootPart=""/><con:endpoints><con:endpoint>https://petstore.swagger.io</con:endpoint></con:endpoints><con:resource name="User" path="/v2/user" id="2250e8bc-e5ab-414d-a725-50c2c48830d9"><con:settings/><con:parameters/><con:method name="User" id="e7559327-ebdb-41fa-af6f-792dc0f5f085" method="POST"><con:settings/><con:parameters/><con:representation type="RESPONSE"><con:mediaType>application/json</con:mediaType><con:status>200</con:status><con:params/><con:element xmlns:user="https://petstore.swagger.io/v2/user">user:Response</con:element></con:representation><con:representation type="REQUEST"><con:mediaType>application/json</con:mediaType><con:params/></con:representation><con:request name="Request 1" id="ec876fd6-9550-475d-be68-1c589079e17a" mediaType="application/json" postQueryString="false"><con:settings><con:setting id="com.eviware.soapui.impl.wsdl.WsdlRequest@request-headers">&lt;xml-fragment/></con:setting></con:settings><con:endpoint>https://petstore.swagger.io</con:endpoint><con:request/><con:credentials><con:selectedAuthProfile>No Authorization</con:selectedAuthProfile><con:authType>No Authorization</con:authType></con:credentials><con:jmsConfig JMSDeliveryMode="PERSISTENT"/><con:parameters/></con:request></con:method></con:resource></con:interface><con:interface xsi:type="con:RestService" id="945f3bb3-e33b-4388-9395-48e45db6fac7" wadlVersion="http://wadl.dev.java.net/2009/02" name="https://petstore.swagger.io 1" type="rest" xmlns:xsi="http://www.w3.org/2001/XMLSchema-instance"><con:settings/><con:definitionCache/><con:endpoints><con:endpoint>https://petstore.swagger.io</con:endpoint></con:endpoints><con:resource name="Login" path="/v2/user/login" id="349c9b68-fdec-4bc6-9101-d9288b4af589"><con:settings/><con:parameters/><con:method name="Login" id="9c336b07-87ee-49a1-9ae6-e4f610eed73b" method="GET"><con:settings/><con:parameters><con:parameter required="true"><con:name>username</con:name><con:value>testuser</con:value><con:style>QUERY</con:style><con:default>testuser</con:default><con:path xsi:nil="true"/><con:description xsi:nil="true"/></con:parameter><con:parameter required="true"><con:name>password</con:name><con:value>testuser</con:value><con:style>QUERY</con:style><con:default>testuser</con:default><con:path xsi:nil="true"/><con:description xsi:nil="true"/></con:parameter></con:parameters><con:representation type="RESPONSE"><con:mediaType>application/json</con:mediaType><con:status>200</con:status><con:params/><con:element xmlns:log="https://petstore.swagger.io/v2/user/login">log:Response</con:element></con:representation><con:request name="Request 1" id="51a773af-074f-4edd-9a80-b8193520d273" mediaType="application/json"><con:settings><con:setting id="com.eviware.soapui.impl.wsdl.WsdlRequest@request-headers">&lt;xml-fragment/></con:setting></con:settings><con:endpoint>https://petstore.swagger.io</con:endpoint><con:request/><con:originalUri>https://petstore.swagger.io/v2/user/login</con:originalUri><con:credentials><con:selectedAuthProfile>No Authorization</con:selectedAuthProfile><con:authType>No Authorization</con:authType></con:credentials><con:jmsConfig JMSDeliveryMode="PERSISTENT"/><con:parameters><con:entry key="password" value="testuser"/><con:entry key="username" value="testuser"/></con:parameters><con:parameterOrder><con:entry>username</con:entry><con:entry>password</con:entry></con:parameterOrder></con:request></con:method></con:resource></con:interface><con:interface xsi:type="con:RestService" id="6812f2c3-76a5-4948-9d79-8ef14eea4312" wadlVersion="http://wadl.dev.java.net/2009/02" name="https://petstore.swagger.io 2" type="rest" xmlns:xsi="http://www.w3.org/2001/XMLSchema-instance"><con:settings/><con:definitionCache/><con:endpoints><con:endpoint>https://petstore.swagger.io</con:endpoint></con:endpoints><con:resource name="Testuser" path="/v2/user/ragh" id="ffbc95db-fad7-4a54-a26a-042190b9936e"><con:settings/><con:parameters/><con:method name="Testuser" id="5a8ec489-8d22-4805-91e8-36b9b833af63" method="GET"><con:settings/><con:parameters/><con:representation type="RESPONSE"><con:mediaType>application/json</con:mediaType><con:status>200</con:status><con:params/><con:element xmlns:tes="https://petstore.swagger.io/v2/user/testuser">tes:Response</con:element></con:representation><con:representation type="FAULT"><con:mediaType>application/json</con:mediaType><con:status>404</con:status><con:params/><con:element xmlns:tes="https://petstore.swagger.io/v2/user/testuser">tes:Fault</con:element></con:representation><con:request name="Request 1" id="12874802-26f4-46ff-ac41-feadd0e079eb" mediaType="application/json"><con:settings><con:setting id="com.eviware.soapui.impl.wsdl.WsdlRequest@request-headers">&lt;xml-fragment/></con:setting></con:settings><con:endpoint>https://petstore.swagger.io</con:endpoint><con:request/><con:originalUri>https://petstore.swagger.io/v2/user/testuser</con:originalUri><con:credentials><con:selectedAuthProfile>No Authorization</con:selectedAuthProfile><con:authType>No Authorization</con:authType></con:credentials><con:jmsConfig JMSDeliveryMode="PERSISTENT"/><con:parameters/></con:request></con:method></con:resource></con:interface><con:interface xsi:type="con:RestService" id="1964358f-9d07-4ea2-a27e-b4dbde4f9f0d" wadlVersion="http://wadl.dev.java.net/2009/02" name="https://petstore.swagger.io 3" type="rest" xmlns:xsi="http://www.w3.org/2001/XMLSchema-instance"><con:settings/><con:definitionCache/><con:endpoints><con:endpoint>https://petstore.swagger.io</con:endpoint></con:endpoints><con:resource name="Testuser" path="/v2/user/ragh" id="29b0879d-444d-4bfe-975d-9dfbf872e1e9"><con:settings/><con:parameters/><con:method name="Testuser" id="d30c0ce4-d0c4-4d81-b5fa-d42a6df2b8df" method="DELETE"><con:settings/><con:parameters/><con:representation type="REQUEST"><con:mediaType>application/json</con:mediaType><con:params/></con:representation><con:representation type="RESPONSE"><con:mediaType>application/json</con:mediaType><con:status>200</con:status><con:params/><con:element xmlns:ragh="https://petstore.swagger.io/v2/user/ragh">ragh:Response</con:element></con:representation><con:request name="Request 1" id="2f526ca7-82a3-40ff-bc54-7b7fb2401a66" mediaType="application/json" postQueryString="false"><con:settings/><con:endpoint>https://petstore.swagger.io</con:endpoint><con:request/><con:credentials><con:selectedAuthProfile>No Authorization</con:selectedAuthProfile><con:authType>No Authorization</con:authType></con:credentials><con:jmsConfig JMSDeliveryMode="PERSISTENT"/><con:parameters/></con:request></con:method></con:resource></con:interface><con:testSuite id="c8813ef8-7c15-41be-af3a-34f533ad3b3d" name="https://petstore.swagger.io TestSuite"><con:settings/><con:runType>SEQUENTIAL</con:runType><con:testCase id="2063ee52-1ad4-4576-aa80-119691cd4310" discardOkResults="false" failOnError="true" failTestCaseOnErrors="true" keepSession="false" name="https://petstore.swagger.io TestCase 1" searchProperties="true" timeout="0"><con:settings><con:setting id="IncludeOverview">true</con:setting><con:setting id="IncludeResults">true</con:setting><con:setting id="FlowLayout">false</con:setting><con:setting id="ErrorDetails">true</con:setting><con:setting id="IncludeCoverage">true</con:setting><con:setting id="GeneratableJUnitReport@Style">Single Page (Print)</con:setting><con:setting id="GeneratableJUnitReport@Folder">C:\Users\RaghavendraShet\Desktop\SDET Traing Materials downloaded\New folder\API User creation_Activity_2</con:setting></con:settings><con:savedRecentRuns>1</con:savedRecentRuns><con:testStep type="restrequest" name="CreateUser" id="5244d579-7f77-423b-82b4-bab6fdfcc4de"><con:settings/><con:config service="https://petstore.swagger.io" resourcePath="/v2/user" methodName="User" xsi:type="con:RestRequestStep" xmlns:xsi="http://www.w3.org/2001/XMLSchema-instance"><con:restRequest name="CreateUser" id="ec876fd6-9550-475d-be68-1c589079e17a" mediaType="application/json" postQueryString="false"><con:settings><con:setting id="com.eviware.soapui.impl.wsdl.WsdlRequest@request-headers">&lt;xml-fragment/></con:setting></con:settings><con:endpoint>https://petstore.swagger.io</con:endpoint><con:request>{
  "id": 0,
  "username": "ragh",
  "firstName": "tes",
  "lastName": "tes",
  "email": "test@gmail.com",
  "password": "rtes",
  "phone": "8767876787",
  "userStatus": 0
}</con:request><con:originalUri>https://petstore.swagger.io/v2/user</con:originalUri><con:assertion type="Valid HTTP Status Codes" id="a484aad2-b96a-4e1b-ac4c-a31aaa846d72" name="Valid HTTP Status Codes"><con:settings/><con:configuration><codes>200</codes></con:configuration></con:assertion><con:credentials><con:selectedAuthProfile>No Authorization</con:selectedAuthProfile><con:authType>No Authorization</con:authType></con:credentials><con:jmsConfig JMSDeliveryMode="PERSISTENT"/><con:parameters/></con:restRequest></con:config></con:testStep><con:testStep type="restrequest" name="Login_user" id="9e75d077-b909-44c4-b51f-9c04e8280b47"><con:settings/><con:config service="https://petstore.swagger.io 1" resourcePath="/v2/user/login" methodName="Login" xsi:type="con:RestRequestStep" xmlns:xsi="http://www.w3.org/2001/XMLSchema-instance"><con:restRequest name="Login_user" id="51a773af-074f-4edd-9a80-b8193520d273" mediaType="application/json"><con:settings><con:setting id="com.eviware.soapui.impl.wsdl.WsdlRequest@request-headers">&lt;xml-fragment/></con:setting></con:settings><con:endpoint>https://petstore.swagger.io</con:endpoint><con:request/><con:originalUri>https://petstore.swagger.io/v2/user/login</con:originalUri><con:assertion type="Valid HTTP Status Codes" id="25bfbd6c-2c2a-4785-bca7-f1953e5d5d90" name="Valid HTTP Status Codes"><con:settings/><con:configuration><codes>200</codes></con:configuration></con:assertion><con:credentials><con:selectedAuthProfile>No Authorization</con:selectedAuthProfile><con:authType>No Authorization</con:authType></con:credentials><con:jmsConfig JMSDeliveryMode="PERSISTENT"/><con:parameters><con:entry key="password" value="rtes"/><con:entry key="username" value="ragh"/></con:parameters><con:parameterOrder><con:entry>username</con:entry><con:entry>password</con:entry></con:parameterOrder></con:restRequest></con:config></con:testStep><con:testStep type="restrequest" name="GetDetails" id="53177df6-93a2-4e65-8016-c639cd09a1bb"><con:settings/><con:config service="https://petstore.swagger.io 2" resourcePath="/v2/user/ragh" methodName="Testuser" xsi:type="con:RestRequestStep" xmlns:xsi="http://www.w3.org/2001/XMLSchema-instance"><con:restRequest name="GetDetails" id="12874802-26f4-46ff-ac41-feadd0e079eb" mediaType="application/json"><con:settings><con:setting id="com.eviware.soapui.impl.wsdl.WsdlRequest@request-headers">&lt;xml-fragment/></con:setting></con:settings><con:endpoint>https://petstore.swagger.io</con:endpoint><con:request/><con:originalUri>https://petstore.swagger.io/v2/user/testuser</con:originalUri><con:assertion type="Valid HTTP Status Codes" id="f4e4f783-a340-4c2a-9923-418362d7b9b7" name="Valid HTTP Status Codes"><con:settings/><con:configuration><codes>200</codes></con:configuration></con:assertion><con:credentials><con:selectedAuthProfile>No Authorization</con:selectedAuthProfile><con:authType>No Authorization</con:authType></con:credentials><con:jmsConfig JMSDeliveryMode="PERSISTENT"/><con:parameters/></con:restRequest></con:config></con:testStep><con:testStep type="restrequest" name="DeleteUser" id="b318326d-73fc-46cf-a6f0-5472834002e2"><con:settings/><con:config service="https://petstore.swagger.io 3" resourcePath="/v2/user/ragh" methodName="Testuser" xsi:type="con:RestRequestStep" xmlns:xsi="http://www.w3.org/2001/XMLSchema-instance"><con:restRequest name="DeleteUser" id="2f526ca7-82a3-40ff-bc54-7b7fb2401a66" mediaType="application/json" postQueryString="false"><con:settings><con:setting id="com.eviware.soapui.impl.wsdl.WsdlRequest@request-headers">&lt;xml-fragment/></con:setting></con:settings><con:endpoint>https://petstore.swagger.io</con:endpoint><con:request/><con:originalUri>https://petstore.swagger.io/v2/user/ragh</con:originalUri><con:assertion type="Valid HTTP Status Codes" id="18494066-6ef3-4f9d-9e3c-4f1d12db2c68" name="Valid HTTP Status Codes"><con:settings/><con:configuration><codes>200</codes></con:configuration></con:assertion><con:credentials><con:selectedAuthProfile>No Authorization</con:selectedAuthProfile><con:authType>No Authorization</con:authType></con:credentials><con:jmsConfig JMSDeliveryMode="PERSISTENT"/><con:parameters/></con:restRequest></con:config></con:testStep><con:properties/><con:reportParameters/></con:testCase><con:properties/><con:reportParameters/></con:testSuite><con:savedRecentRuns>1</con:savedRecentRuns><con:requirements/><con:properties/><con:wssContainer/><con:databaseConnectionContainer/><con:jmsConnectionContainer/><con:oAuth2ProfileContainer/><con:oAuth1ProfileContainer/><con:reporting><con:reportTemplates/><con:xmlTemplates/><con:xmlTemplates/><con:parameters/><con:parameters/></con:reporting><con:reporting/><con:eventHandlers type="RequestFilter.filterRequest" name="RequestFilter.filterRequest"><con:script>// Sample event script to add custom HTTP header to all outgoing REST, SOAP and HTTP(S) calls
// This code is often used for adding custom authentication to ReadyAPI functional tests

// If hardcoding the token, uncomment and change line 5
// token = '4567'

// If your token is parameterized in Project level custom property, uncomment line 8
// token = request.parent.testCase.testSuite.project.getProperty('auth_token').getValue()

// To modify all outgoing calls, remove comments from lines 11 to 16
// headers = request.requestHeaders
// if (headers.containsKey('auth_token2') == false) {
//   headers.put('auth_token2', token)
//   request.requestHeaders = headers
// }</con:script></con:eventHandlers><con:eventHandlers type="TestRunListener.afterStep" name="TestRunListener.afterStep"><con:script>// Save all test step results into files
// Change the directory path in line 5 to a location where you want to store details
// then uncomment lines 5 to 10

// filePath = 'C:\\tempOutputDirectory\\'
// fos = new java.io.FileOutputStream(filePath + testStepResult.testStep.label + '.txt', true)
// pw = new java.io.PrintWriter(fos)
// testStepResult.writeTo(pw)
// pw.close()
// fos.close()</con:script></con:eventHandlers><con:authRepository/><con:tags/></con:soapui-project>