<?xml version="1.0" encoding="UTF-8"?>
<con:soapui-project id="1c9ebd8b-2949-4fb8-9386-b7813fa7ddb6" created="3.5.1" activeEnvironment="Default environment" name="REST Project Database" updated="3.5.1 2020-12-09T14:26:21Z" xmlns:con="http://eviware.com/soapui/config"><con:settings/><con:interface xsi:type="con:RestService" id="6dc4db1c-a96d-4e41-9a23-839bd067c314" wadlVersion="http://wadl.dev.java.net/2009/02" name="http://ipwhois.app" type="rest" xmlns:xsi="http://www.w3.org/2001/XMLSchema-instance"><con:settings/><con:definitionCache/><con:endpoints><con:endpoint>http://ipwhois.app</con:endpoint></con:endpoints><con:resource name="IP" path="/json/{IP}" id="856c26d4-a8e1-45ce-bb5a-fa3e3f81245a"><con:settings/><con:parameters/><con:method name="IP" id="537343ab-0186-41f1-b658-79e39363310f" method="GET"><con:settings/><con:parameters><con:parameter required="true"><con:name>IP</con:name><con:value>IP</con:value><con:style>TEMPLATE</con:style><con:default>IP</con:default><con:path xsi:nil="true"/><con:description xsi:nil="true"/></con:parameter></con:parameters><con:representation type="RESPONSE"><con:mediaType>application/json; charset=utf-8</con:mediaType><con:status>200</con:status><con:params/><con:element xmlns:ip="http://ipwhois.app/json/IP">ip:Response</con:element></con:representation><con:request name="Request 1" id="be794490-26fc-475f-b809-1084239e5be3" mediaType="application/json"><con:settings><con:setting id="com.eviware.soapui.impl.wsdl.WsdlRequest@request-headers">&lt;xml-fragment/></con:setting></con:settings><con:endpoint>http://ipwhois.app</con:endpoint><con:request/><con:originalUri>http://ipwhois.app/json/127.0.0.1</con:originalUri><con:credentials><con:authType>No Authorization</con:authType></con:credentials><con:jmsConfig JMSDeliveryMode="PERSISTENT"/><con:parameters><con:entry key="IP" value="127.0.0.1"/></con:parameters><con:parameterOrder><con:entry>IP</con:entry></con:parameterOrder></con:request></con:method></con:resource></con:interface><con:testSuite id="aa38b234-00b3-449a-9c14-9d39d1e59280" name="http://ipwhois.app TestSuite"><con:settings><con:setting id="IncludeOverview">true</con:setting><con:setting id="IncludeResults">true</con:setting><con:setting id="FlowLayout">false</con:setting><con:setting id="ErrorDetails">true</con:setting><con:setting id="IncludeCoverage">true</con:setting><con:setting id="GeneratableJUnitReport@Style">Single Page (Print)</con:setting><con:setting id="GeneratableJUnitReport@Folder">C:\Users\RaghavendraShet\Desktop\SDET Traing Materials downloaded\New folder</con:setting></con:settings><con:savedRecentRuns>1</con:savedRecentRuns><con:runType>SEQUENTIAL</con:runType><con:testCase id="dda52f6b-9d40-4686-8348-fe5f3c91efaa" discardOkResults="false" failOnError="true" failTestCaseOnErrors="true" keepSession="false" name="http://ipwhois.app TestCase 1" searchProperties="true" timeout="0"><con:settings><con:setting id="IncludeOverview">true</con:setting><con:setting id="IncludeResults">true</con:setting><con:setting id="FlowLayout">false</con:setting><con:setting id="ErrorDetails">true</con:setting><con:setting id="IncludeCoverage">true</con:setting><con:setting id="GeneratableJUnitReport@Style">Single Page (Print)</con:setting><con:setting id="GeneratableJUnitReport@Folder">C:\Users\RaghavendraShet\Desktop</con:setting></con:settings><con:savedRecentRuns>1</con:savedRecentRuns><con:testStep type="datasource" name="DataSource" id="80254897-ee93-4475-a065-c47f891e2fbc"><con:settings/><con:config xsi:type="con:DataSourceStep" xmlns:xsi="http://www.w3.org/2001/XMLSchema-instance"><con:dataSource type="Data Generator"><con:configuration><generatedDataCount>10</generatedDataCount><generatorsTotalNumber>1</generatorsTotalNumber><lastSelectedProperty>-1</lastSelectedProperty><GeneratorType0>COMP</GeneratorType0><PropertyName0>IP</PropertyName0><repetitionCountIP>0</repetitionCountIP><repeatValuesIP>false</repeatValuesIP><ComputerAddressTypeIP>IPv4</ComputerAddressTypeIP><escapeSpaceSequence/></con:configuration></con:dataSource><con:shared>true</con:shared><con:restartShared>true</con:restartShared><con:property>IP</con:property><con:restartOnRun>true</con:restartOnRun></con:config></con:testStep><con:testStep type="restrequest" name="Get_Request 1" id="8dc9f8c2-17b8-4f34-893a-6800025ee920"><con:settings/><con:config service="http://ipwhois.app" resourcePath="/json/{IP}" methodName="IP" xsi:type="con:RestRequestStep" xmlns:xsi="http://www.w3.org/2001/XMLSchema-instance"><con:restRequest name="Get_Request 1" id="be794490-26fc-475f-b809-1084239e5be3" mediaType="application/json"><con:settings><con:setting id="com.eviware.soapui.impl.wsdl.WsdlRequest@request-headers">&lt;xml-fragment/></con:setting></con:settings><con:endpoint>http://ipwhois.app</con:endpoint><con:request/><con:originalUri>http://ipwhois.app/json/IP</con:originalUri><con:assertion type="Valid HTTP Status Codes" id="11d04181-fee2-45e3-a1f8-37e440a9713d" name="Valid HTTP Status Codes"><con:settings/><con:configuration><codes>200</codes></con:configuration></con:assertion><con:credentials><con:selectedAuthProfile>No Authorization</con:selectedAuthProfile><con:authType>No Authorization</con:authType></con:credentials><con:jmsConfig JMSDeliveryMode="PERSISTENT"/><con:parameters><con:entry key="IP" value="${DataSource#IP}"/></con:parameters><con:parameterOrder><con:entry>IP</con:entry></con:parameterOrder></con:restRequest></con:config></con:testStep><con:testStep type="datasink" name="DataSink" id="33455f05-0648-472e-aa23-3efd6f05fcc2"><con:settings/><con:config xsi:type="con:DataSinkStep" xmlns:xsi="http://www.w3.org/2001/XMLSchema-instance"><con:dataSink type="JDBC"><con:configuration><driver>com.mysql.jdbc.Driver</driver><connstr>jdbc:mysql://db4free.net:3306/soapuitesting?user=soapuiuser&amp;password=PASS_VALUE</connstr><pass>soapuipassword</pass><Connection>testDB4free</Connection><query>INSERT INTO coordinates values (?,?,?)</query><stored-procedure>false</stored-procedure></con:configuration></con:dataSink><con:properties><con:property><con:name>city_name</con:name><con:value>${Get_Request 1#Response#$['city']}</con:value></con:property><con:property><con:name>longitude</con:name><con:value>${Get_Request 1#Response#$['latitude']}</con:value></con:property><con:property><con:name>latitude</con:name><con:value>${Get_Request 1#Response#$['longitude']}</con:value></con:property></con:properties></con:config></con:testStep><con:testStep type="datasourceloop" name="DataSource Loop" id="563353d9-db33-4164-9ec4-a63f84a554a2"><con:settings/><con:config><dataSourceStep>DataSource</dataSourceStep><targetStep>Request 1</targetStep><discardResults>true</discardResults></con:config></con:testStep><con:properties/><con:reportParameters/><con:breakPoints><con:testStepId>80254897-ee93-4475-a065-c47f891e2fbc</con:testStepId><con:status>NONE</con:status><con:properties/></con:breakPoints><con:breakPoints><con:testStepId>33455f05-0648-472e-aa23-3efd6f05fcc2</con:testStepId><con:status>NONE</con:status><con:properties/></con:breakPoints></con:testCase><con:properties/><con:reportParameters/></con:testSuite><con:savedRecentRuns>1</con:savedRecentRuns><con:requirements/><con:properties/><con:wssContainer/><con:databaseConnectionContainer><con:databaseConnection><con:name>testDB4free</con:name><con:driver>com.mysql.jdbc.Driver</con:driver><con:connectionString>jdbc:mysql://db4free.net:3306/soapuitesting?user=soapuiuser&amp;password=PASS_VALUE</con:connectionString><con:password>soapuipassword</con:password><con:connectionProperties/></con:databaseConnection></con:databaseConnectionContainer><con:jmsConnectionContainer/><con:oAuth2ProfileContainer/><con:oAuth1ProfileContainer/><con:reporting><con:reportTemplates/><con:xmlTemplates/><con:xmlTemplates/><con:parameters/><con:parameters/></con:reporting><con:reporting/><con:eventHandlers type="RequestFilter.filterRequest" name="RequestFilter.filterRequest"><con:script>// Sample event script to add custom HTTP header to all outgoing REST, SOAP and HTTP(S) calls
// This code is often used for adding custom authentication to ReadyAPI functional tests

// If hardcoding the token, uncomment and change line 5
// token = '4567'

// If your token is parameterized in Project level custom property, uncomment line 8
// token = request.parent.testCase.testSuite.project.getProperty('auth_token').getValue()

// To modify all outgoing calls, remove comments from lines 11 to 16
// headers = request.requestHeaders
// if (headers.containsKey('auth_token2') == false) {
//   headers.put('auth_token2', token)
//   request.requestHeaders = headers
// }</con:script></con:eventHandlers><con:eventHandlers type="TestRunListener.afterStep" name="TestRunListener.afterStep"><con:script>// Save all test step results into files
// Change the directory path in line 5 to a location where you want to store details
// then uncomment lines 5 to 10

// filePath = 'C:\\tempOutputDirectory\\'
// fos = new java.io.FileOutputStream(filePath + testStepResult.testStep.label + '.txt', true)
// pw = new java.io.PrintWriter(fos)
// testStepResult.writeTo(pw)
// pw.close()
// fos.close()</con:script></con:eventHandlers><con:authRepository/><con:tags/></con:soapui-project>